,patient_id,series_id,target,img_id,img_name,preprocessed_img_name,preprocessed_segm_name
16,10132,4816,0,10132_4816,10132_4816.png,10132_4816.npy,4816.npy
20,10205,65236,0,10205_65236,10205_65236.png,10205_65236.npy,65236.npy
28,1027,24515,0,1027_24515,1027_24515.png,1027_24515.npy,24515.npy
29,1027,60982,0,1027_60982,1027_60982.png,1027_60982.npy,60982.npy
39,10465,4405,0,10465_4405,10465_4405.png,10465_4405.npy,4405.npy
40,10465,48503,0,10465_48503,10465_48503.png,10465_48503.npy,48503.npy
44,10517,21579,0,10517_21579,10517_21579.png,10517_21579.npy,21579.npy
45,10517,26790,0,10517_26790,10517_26790.png,10517_26790.npy,26790.npy
66,10795,38360,0,10795_38360,10795_38360.png,10795_38360.npy,38360.npy
102,11379,1126,0,11379_1126,11379_1126.png,11379_1126.npy,1126.npy
103,11379,28676,0,11379_28676,11379_28676.png,11379_28676.npy,28676.npy
106,1144,37533,0,1144_37533,1144_37533.png,1144_37533.npy,37533.npy
114,11578,56112,0,11578_56112,11578_56112.png,11578_56112.npy,56112.npy
128,11793,55528,0,11793_55528,11793_55528.png,11793_55528.npy,55528.npy
151,12086,16498,0,12086_16498,12086_16498.png,12086_16498.npy,16498.npy
152,12086,47491,0,12086_47491,12086_47491.png,12086_47491.npy,47491.npy
153,12138,31965,0,12138_31965,12138_31965.png,12138_31965.npy,31965.npy
154,12138,39072,0,12138_39072,12138_39072.png,12138_39072.npy,39072.npy
164,12258,39773,0,12258_39773,12258_39773.png,12258_39773.npy,39773.npy
165,12258,57371,0,12258_57371,12258_57371.png,12258_57371.npy,57371.npy
204,12667,16083,0,12667_16083,12667_16083.png,12667_16083.npy,16083.npy
253,13250,26989,0,13250_26989,13250_26989.png,13250_26989.npy,26989.npy
254,13250,64604,0,13250_64604,13250_64604.png,13250_64604.npy,64604.npy
276,1352,61032,0,1352_61032,1352_61032.png,1352_61032.npy,61032.npy
277,13550,40313,0,13550_40313,13550_40313.png,13550_40313.npy,40313.npy
278,13550,9858,0,13550_9858,13550_9858.png,13550_9858.npy,9858.npy
291,13646,48080,0,13646_48080,13646_48080.png,13646_48080.npy,48080.npy
292,13646,52435,0,13646_52435,13646_52435.png,13646_52435.npy,52435.npy
295,13698,12070,1,13698_12070,13698_12070.png,13698_12070.npy,12070.npy
296,13698,45804,1,13698_45804,13698_45804.png,13698_45804.npy,45804.npy
313,13853,32005,0,13853_32005,13853_32005.png,13853_32005.npy,32005.npy
314,13853,37219,0,13853_37219,13853_37219.png,13853_37219.npy,37219.npy
326,14065,33303,0,14065_33303,14065_33303.png,14065_33303.npy,33303.npy
327,14065,60588,0,14065_60588,14065_60588.png,14065_60588.npy,60588.npy
331,14178,62202,0,14178_62202,14178_62202.png,14178_62202.npy,62202.npy
338,14321,16503,0,14321_16503,14321_16503.png,14321_16503.npy,16503.npy
339,14321,8413,0,14321_8413,14321_8413.png,14321_8413.npy,8413.npy
340,14343,24442,0,14343_24442,14343_24442.png,14343_24442.npy,24442.npy
341,14343,58548,0,14343_58548,14343_58548.png,14343_58548.npy,58548.npy
345,14385,30335,0,14385_30335,14385_30335.png,14385_30335.npy,30335.npy
346,14385,61549,0,14385_61549,14385_61549.png,14385_61549.npy,61549.npy
349,14393,47591,0,14393_47591,14393_47591.png,14393_47591.npy,47591.npy
356,14465,21818,0,14465_21818,14465_21818.png,14465_21818.npy,21818.npy
379,14759,46567,0,14759_46567,14759_46567.png,14759_46567.npy,46567.npy
380,14759,47683,0,14759_47683,14759_47683.png,14759_47683.npy,47683.npy
386,14790,60494,0,14790_60494,14790_60494.png,14790_60494.npy,60494.npy
387,14790,7720,0,14790_7720,14790_7720.png,14790_7720.npy,7720.npy
396,14908,40110,0,14908_40110,14908_40110.png,14908_40110.npy,40110.npy
412,15109,15229,0,15109_15229,15109_15229.png,15109_15229.npy,15229.npy
413,15109,47145,0,15109_47145,15109_47145.png,15109_47145.npy,47145.npy
417,15127,39674,0,15127_39674,15127_39674.png,15127_39674.npy,39674.npy
446,15463,18839,0,15463_18839,15463_18839.png,15463_18839.npy,18839.npy
447,15463,29545,0,15463_29545,15463_29545.png,15463_29545.npy,29545.npy
450,15480,39579,1,15480_39579,15480_39579.png,15480_39579.npy,39579.npy
451,15480,56685,1,15480_56685,15480_56685.png,15480_56685.npy,56685.npy
453,15511,7974,0,15511_7974,15511_7974.png,15511_7974.npy,7974.npy
454,15529,38566,0,15529_38566,15529_38566.png,15529_38566.npy,38566.npy
461,1563,57716,0,1563_57716,1563_57716.png,1563_57716.npy,57716.npy
465,15700,45131,0,15700_45131,15700_45131.png,15700_45131.npy,45131.npy
468,15773,32127,0,15773_32127,15773_32127.png,15773_32127.npy,32127.npy
469,15773,57350,0,15773_57350,15773_57350.png,15773_57350.npy,57350.npy
482,15968,41122,0,15968_41122,15968_41122.png,15968_41122.npy,41122.npy
489,16036,22350,0,16036_22350,16036_22350.png,16036_22350.npy,22350.npy
501,16100,11550,1,16100_11550,16100_11550.png,16100_11550.npy,11550.npy
536,1644,7854,0,1644_7854,1644_7854.png,1644_7854.npy,7854.npy
545,16588,44803,0,16588_44803,16588_44803.png,16588_44803.npy,44803.npy
546,16588,45575,0,16588_45575,16588_45575.png,16588_45575.npy,45575.npy
554,16691,35894,0,16691_35894,16691_35894.png,16691_35894.npy,35894.npy
555,16691,60898,0,16691_60898,16691_60898.png,16691_60898.npy,60898.npy
558,16715,18441,1,16715_18441,16715_18441.png,16715_18441.npy,18441.npy
606,17381,10099,0,17381_10099,17381_10099.png,17381_10099.npy,10099.npy
607,17381,34731,0,17381_34731,17381_34731.png,17381_34731.npy,34731.npy
610,17485,20975,0,17485_20975,17485_20975.png,17485_20975.npy,20975.npy
613,17569,24508,0,17569_24508,17569_24508.png,17569_24508.npy,24508.npy
614,17569,25097,0,17569_25097,17569_25097.png,17569_25097.npy,25097.npy
626,17662,41795,0,17662_41795,17662_41795.png,17662_41795.npy,41795.npy
632,17806,2473,2,17806_2473,17806_2473.png,17806_2473.npy,2473.npy
634,17842,61501,1,17842_61501,17842_61501.png,17842_61501.npy,61501.npy
635,17843,46156,0,17843_46156,17843_46156.png,17843_46156.npy,46156.npy
639,17858,28796,0,17858_28796,17858_28796.png,17858_28796.npy,28796.npy
640,17858,42805,0,17858_42805,17858_42805.png,17858_42805.npy,42805.npy
654,17990,17819,0,17990_17819,17990_17819.png,17990_17819.npy,17819.npy
655,17990,22445,0,17990_22445,17990_22445.png,17990_22445.npy,22445.npy
658,18028,3115,0,18028_3115,18028_3115.png,18028_3115.npy,3115.npy
687,18407,14165,2,18407_14165,18407_14165.png,18407_14165.npy,14165.npy
688,18407,57683,2,18407_57683,18407_57683.png,18407_57683.npy,57683.npy
690,18413,28978,0,18413_28978,18413_28978.png,18413_28978.npy,28978.npy
755,19139,59463,0,19139_59463,19139_59463.png,19139_59463.npy,59463.npy
761,19170,39114,0,19170_39114,19170_39114.png,19170_39114.npy,39114.npy
762,19170,44974,0,19170_44974,19170_44974.png,19170_44974.npy,44974.npy
781,19410,19927,1,19410_19927,19410_19927.png,19410_19927.npy,19927.npy
782,19410,7334,1,19410_7334,19410_7334.png,19410_7334.npy,7334.npy
785,19448,14466,1,19448_14466,19448_14466.png,19448_14466.npy,14466.npy
786,19448,5359,1,19448_5359,19448_5359.png,19448_5359.npy,5359.npy
789,19464,2162,0,19464_2162,19464_2162.png,19464_2162.npy,2162.npy
790,19464,31391,0,19464_31391,19464_31391.png,19464_31391.npy,31391.npy
810,19713,11474,1,19713_11474,19713_11474.png,19713_11474.npy,11474.npy
831,19865,24191,0,19865_24191,19865_24191.png,19865_24191.npy,24191.npy
832,19865,54445,0,19865_54445,19865_54445.png,19865_54445.npy,54445.npy
850,20213,29490,0,20213_29490,20213_29490.png,20213_29490.npy,29490.npy
851,20213,62493,0,20213_62493,20213_62493.png,20213_62493.npy,62493.npy
852,20225,20933,0,20225_20933,20225_20933.png,20225_20933.npy,20933.npy
868,20605,30641,0,20605_30641,20605_30641.png,20605_30641.npy,30641.npy
869,20605,52020,0,20605_52020,20605_52020.png,20605_52020.npy,52020.npy
885,20869,35067,0,20869_35067,20869_35067.png,20869_35067.npy,35067.npy
897,2112,27280,0,2112_27280,2112_27280.png,2112_27280.npy,27280.npy
909,21264,27566,0,21264_27566,21264_27566.png,21264_27566.npy,27566.npy
910,21264,56710,0,21264_56710,21264_56710.png,21264_56710.npy,56710.npy
939,21734,35796,0,21734_35796,21734_35796.png,21734_35796.npy,35796.npy
940,21734,4209,0,21734_4209,21734_4209.png,21734_4209.npy,4209.npy
948,21795,48429,0,21795_48429,21795_48429.png,21795_48429.npy,48429.npy
950,2185,15665,1,2185_15665,2185_15665.png,2185_15665.npy,15665.npy
977,22103,43259,0,22103_43259,22103_43259.png,22103_43259.npy,43259.npy
1000,22372,29262,1,22372_29262,22372_29262.png,22372_29262.npy,29262.npy
1021,22726,26627,0,22726_26627,22726_26627.png,22726_26627.npy,26627.npy
1022,22726,29869,0,22726_29869,22726_29869.png,22726_29869.npy,29869.npy
1033,22954,47939,0,22954_47939,22954_47939.png,22954_47939.npy,47939.npy
1034,22954,54699,0,22954_54699,22954_54699.png,22954_54699.npy,54699.npy
1053,23208,38641,0,23208_38641,23208_38641.png,23208_38641.npy,38641.npy
1101,23857,14120,1,23857_14120,23857_14120.png,23857_14120.npy,14120.npy
1102,23857,52583,1,23857_52583,23857_52583.png,23857_52583.npy,52583.npy
1114,24031,42352,0,24031_42352,24031_42352.png,24031_42352.npy,42352.npy
1122,24221,15562,0,24221_15562,24221_15562.png,24221_15562.npy,15562.npy
1123,24221,8437,0,24221_8437,24221_8437.png,24221_8437.npy,8437.npy
1136,24310,4117,0,24310_4117,24310_4117.png,24310_4117.npy,4117.npy
1155,24476,17320,0,24476_17320,24476_17320.png,24476_17320.npy,17320.npy
1156,24476,40924,0,24476_40924,24476_40924.png,24476_40924.npy,40924.npy
1159,24513,17044,0,24513_17044,24513_17044.png,24513_17044.npy,17044.npy
1160,24513,60883,0,24513_60883,24513_60883.png,24513_60883.npy,60883.npy
1198,24975,38572,0,24975_38572,24975_38572.png,24975_38572.npy,38572.npy
1229,25289,18681,0,25289_18681,25289_18681.png,25289_18681.npy,18681.npy
1230,25289,27372,0,25289_27372,25289_27372.png,25289_27372.npy,27372.npy
1231,25293,21079,0,25293_21079,25293_21079.png,25293_21079.npy,21079.npy
1257,25680,15204,0,25680_15204,25680_15204.png,25680_15204.npy,15204.npy
1258,25680,49905,0,25680_49905,25680_49905.png,25680_49905.npy,49905.npy
1261,2572,23364,0,2572_23364,2572_23364.png,2572_23364.npy,23364.npy
1262,2572,48098,0,2572_48098,2572_48098.png,2572_48098.npy,48098.npy
1265,25760,53211,0,25760_53211,25760_53211.png,25760_53211.npy,53211.npy
1270,25780,2260,0,25780_2260,25780_2260.png,25780_2260.npy,2260.npy
1271,25780,36003,0,25780_36003,25780_36003.png,25780_36003.npy,36003.npy
1272,25835,47290,1,25835_47290,25835_47290.png,25835_47290.npy,47290.npy
1281,25899,21872,0,25899_21872,25899_21872.png,25899_21872.npy,21872.npy
1316,26224,35784,1,26224_35784,26224_35784.png,26224_35784.npy,35784.npy
1317,26224,58258,1,26224_58258,26224_58258.png,26224_58258.npy,58258.npy
1323,2627,23254,0,2627_23254,2627_23254.png,2627_23254.npy,23254.npy
1341,26473,11365,0,26473_11365,26473_11365.png,26473_11365.npy,11365.npy
1375,26838,41229,0,26838_41229,26838_41229.png,26838_41229.npy,41229.npy
1382,26993,12136,0,26993_12136,26993_12136.png,26993_12136.npy,12136.npy
1383,26993,60457,0,26993_60457,26993_60457.png,26993_60457.npy,60457.npy
1384,27005,31712,0,27005_31712,27005_31712.png,27005_31712.npy,31712.npy
1397,2715,17018,0,2715_17018,2715_17018.png,2715_17018.npy,17018.npy
1398,2715,64423,0,2715_64423,2715_64423.png,2715_64423.npy,64423.npy
1417,27421,56648,0,27421_56648,27421_56648.png,27421_56648.npy,56648.npy
1428,27597,51928,1,27597_51928,27597_51928.png,27597_51928.npy,51928.npy
1446,27782,20749,0,27782_20749,27782_20749.png,27782_20749.npy,20749.npy
1447,27782,9587,0,27782_9587,27782_9587.png,27782_9587.npy,9587.npy
1501,28321,40219,0,28321_40219,28321_40219.png,28321_40219.npy,40219.npy
1502,28321,57548,0,28321_57548,28321_57548.png,28321_57548.npy,57548.npy
1508,28417,59926,0,28417_59926,28417_59926.png,28417_59926.npy,59926.npy
1515,28468,4310,0,28468_4310,28468_4310.png,28468_4310.npy,4310.npy
1531,28621,40360,1,28621_40360,28621_40360.png,28621_40360.npy,40360.npy
1532,28621,51703,1,28621_51703,28621_51703.png,28621_51703.npy,51703.npy
1545,28892,14923,0,28892_14923,28892_14923.png,28892_14923.npy,14923.npy
1546,28892,57845,0,28892_57845,28892_57845.png,28892_57845.npy,57845.npy
1603,29529,54979,0,29529_54979,29529_54979.png,29529_54979.npy,54979.npy
1604,29529,64330,0,29529_64330,29529_64330.png,29529_64330.npy,64330.npy
1622,29657,2907,0,29657_2907,29657_2907.png,29657_2907.npy,2907.npy
1623,29692,37953,2,29692_37953,29692_37953.png,29692_37953.npy,37953.npy
1627,29731,30872,0,29731_30872,29731_30872.png,29731_30872.npy,30872.npy
1667,30394,48358,0,30394_48358,30394_48358.png,30394_48358.npy,48358.npy
1668,30394,56380,0,30394_56380,30394_56380.png,30394_56380.npy,56380.npy
1669,30396,40374,0,30396_40374,30396_40374.png,30396_40374.npy,40374.npy
1670,30396,53234,0,30396_53234,30396_53234.png,30396_53234.npy,53234.npy
1683,30497,43659,0,30497_43659,30497_43659.png,30497_43659.npy,43659.npy
1685,30510,34831,0,30510_34831,30510_34831.png,30510_34831.npy,34831.npy
1690,30604,26811,0,30604_26811,30604_26811.png,30604_26811.npy,26811.npy
1691,30604,51843,0,30604_51843,30604_51843.png,30604_51843.npy,51843.npy
1699,30706,17113,0,30706_17113,30706_17113.png,30706_17113.npy,17113.npy
1700,30706,61660,0,30706_61660,30706_61660.png,30706_61660.npy,61660.npy
1705,30775,23045,0,30775_23045,30775_23045.png,30775_23045.npy,23045.npy
1756,31403,27799,0,31403_27799,31403_27799.png,31403_27799.npy,27799.npy
1759,31474,20619,0,31474_20619,31474_20619.png,31474_20619.npy,20619.npy
1760,31478,28402,0,31478_28402,31478_28402.png,31478_28402.npy,28402.npy
1761,31478,31107,0,31478_31107,31478_31107.png,31478_31107.npy,31107.npy
1771,31645,10931,0,31645_10931,31645_10931.png,31645_10931.npy,10931.npy
1772,31645,28279,0,31645_28279,31645_28279.png,31645_28279.npy,28279.npy
1794,31842,21551,0,31842_21551,31842_21551.png,31842_21551.npy,21551.npy
1808,31972,34854,0,31972_34854,31972_34854.png,31972_34854.npy,34854.npy
1831,32266,38619,0,32266_38619,32266_38619.png,32266_38619.npy,38619.npy
1832,32266,56674,0,32266_56674,32266_56674.png,32266_56674.npy,56674.npy
1849,32425,26840,1,32425_26840,32425_26840.png,32425_26840.npy,26840.npy
1850,32425,5218,1,32425_5218,32425_5218.png,32425_5218.npy,5218.npy
1859,32565,54756,0,32565_54756,32565_54756.png,32565_54756.npy,54756.npy
1860,32565,6830,0,32565_6830,32565_6830.png,32565_6830.npy,6830.npy
1863,32604,17211,0,32604_17211,32604_17211.png,32604_17211.npy,17211.npy
1905,33,55570,1,33_55570,33_55570.png,33_55570.npy,55570.npy
1921,33219,53863,0,33219_53863,33219_53863.png,33219_53863.npy,53863.npy
1922,33230,5787,0,33230_5787,33230_5787.png,33230_5787.npy,5787.npy
1950,33610,31346,0,33610_31346,33610_31346.png,33610_31346.npy,31346.npy
1955,3373,92,0,3373_92,3373_92.png,3373_92.npy,92.npy
1970,33967,29305,0,33967_29305,33967_29305.png,33967_29305.npy,29305.npy
2002,34422,41849,0,34422_41849,34422_41849.png,34422_41849.npy,41849.npy
2003,34422,61109,0,34422_61109,34422_61109.png,34422_61109.npy,61109.npy
2031,34911,45987,0,34911_45987,34911_45987.png,34911_45987.npy,45987.npy
2047,35072,29567,0,35072_29567,35072_29567.png,35072_29567.npy,29567.npy
2059,35195,2340,0,35195_2340,35195_2340.png,35195_2340.npy,2340.npy
2060,35231,1636,0,35231_1636,35231_1636.png,35231_1636.npy,1636.npy
2061,35231,65327,0,35231_65327,35231_65327.png,35231_65327.npy,65327.npy
2072,35404,127,0,35404_127,35404_127.png,35404_127.npy,127.npy
2073,35404,53951,0,35404_53951,35404_53951.png,35404_53951.npy,53951.npy
2103,35756,47099,1,35756_47099,35756_47099.png,35756_47099.npy,47099.npy
2107,35794,42578,0,35794_42578,35794_42578.png,35794_42578.npy,42578.npy
2133,36038,36387,0,36038_36387,36038_36387.png,36038_36387.npy,36387.npy
2160,36364,38031,0,36364_38031,36364_38031.png,36364_38031.npy,38031.npy
2168,36507,51963,0,36507_51963,36507_51963.png,36507_51963.npy,51963.npy
2169,36507,52504,0,36507_52504,36507_52504.png,36507_52504.npy,52504.npy
2204,36963,11796,0,36963_11796,36963_11796.png,36963_11796.npy,11796.npy
2205,36982,36049,0,36982_36049,36982_36049.png,36982_36049.npy,36049.npy
2212,37042,34641,0,37042_34641,37042_34641.png,37042_34641.npy,34641.npy
2213,37042,42426,0,37042_42426,37042_42426.png,37042_42426.npy,42426.npy
2218,37084,36960,0,37084_36960,37084_36960.png,37084_36960.npy,36960.npy
2222,37101,5200,0,37101_5200,37101_5200.png,37101_5200.npy,5200.npy
2245,37342,44902,0,37342_44902,37342_44902.png,37342_44902.npy,44902.npy
2268,37568,21402,1,37568_21402,37568_21402.png,37568_21402.npy,21402.npy
2269,37568,63239,1,37568_63239,37568_63239.png,37568_63239.npy,63239.npy
2279,37741,14367,0,37741_14367,37741_14367.png,37741_14367.npy,14367.npy
2280,37741,26009,0,37741_26009,37741_26009.png,37741_26009.npy,26009.npy
2318,38109,18256,0,38109_18256,38109_18256.png,38109_18256.npy,18256.npy
2319,38109,29949,0,38109_29949,38109_29949.png,38109_29949.npy,29949.npy
2320,38123,10332,0,38123_10332,38123_10332.png,38123_10332.npy,10332.npy
2321,38123,14879,0,38123_14879,38123_14879.png,38123_14879.npy,14879.npy
2322,38129,15785,0,38129_15785,38129_15785.png,38129_15785.npy,15785.npy
2323,38129,39152,0,38129_39152,38129_39152.png,38129_39152.npy,39152.npy
2349,38541,60961,1,38541_60961,38541_60961.png,38541_60961.npy,60961.npy
2350,38541,63205,1,38541_63205,38541_63205.png,38541_63205.npy,63205.npy
2370,38882,24898,0,38882_24898,38882_24898.png,38882_24898.npy,24898.npy
2371,38882,33725,0,38882_33725,38882_33725.png,38882_33725.npy,33725.npy
2398,3934,41894,0,3934_41894,3934_41894.png,3934_41894.npy,41894.npy
2399,3934,64676,0,3934_64676,3934_64676.png,3934_64676.npy,64676.npy
2414,3956,22914,0,3956_22914,3956_22914.png,3956_22914.npy,22914.npy
2474,40345,20185,0,40345_20185,40345_20185.png,40345_20185.npy,20185.npy
2475,40345,47422,0,40345_47422,40345_47422.png,40345_47422.npy,47422.npy
2555,41434,37658,0,41434_37658,41434_37658.png,41434_37658.npy,37658.npy
2556,41434,4893,0,41434_4893,41434_4893.png,41434_4893.npy,4893.npy
2577,41734,51205,0,41734_51205,41734_51205.png,41734_51205.npy,51205.npy
2578,4177,1825,0,4177_1825,4177_1825.png,4177_1825.npy,1825.npy
2593,41956,1418,0,41956_1418,41956_1418.png,41956_1418.npy,1418.npy
2594,41956,15628,0,41956_15628,41956_15628.png,41956_15628.npy,15628.npy
2601,42080,15726,0,42080_15726,42080_15726.png,42080_15726.npy,15726.npy
2602,42080,36021,0,42080_36021,42080_36021.png,42080_36021.npy,36021.npy
2603,42098,25982,0,42098_25982,42098_25982.png,42098_25982.npy,25982.npy
2604,42098,39616,0,42098_39616,42098_39616.png,42098_39616.npy,39616.npy
2615,42175,11280,0,42175_11280,42175_11280.png,42175_11280.npy,11280.npy
2616,42175,28550,0,42175_28550,42175_28550.png,42175_28550.npy,28550.npy
2630,42422,21015,0,42422_21015,42422_21015.png,42422_21015.npy,21015.npy
2631,42436,11748,1,42436_11748,42436_11748.png,42436_11748.npy,11748.npy
2632,42436,30902,1,42436_30902,42436_30902.png,42436_30902.npy,30902.npy
2649,4265,5085,0,4265_5085,4265_5085.png,4265_5085.npy,5085.npy
2650,4265,59606,0,4265_59606,4265_59606.png,4265_59606.npy,59606.npy
2657,42833,22417,0,42833_22417,42833_22417.png,42833_22417.npy,22417.npy
2658,42833,62496,0,42833_62496,42833_62496.png,42833_62496.npy,62496.npy
2690,43122,21771,0,43122_21771,43122_21771.png,43122_21771.npy,21771.npy
2691,43122,26578,0,43122_26578,43122_26578.png,43122_26578.npy,26578.npy
2748,43947,42949,0,43947_42949,43947_42949.png,43947_42949.npy,42949.npy
2749,43947,62267,0,43947_62267,43947_62267.png,43947_62267.npy,62267.npy
2750,43950,48709,0,43950_48709,43950_48709.png,43950_48709.npy,48709.npy
2770,44322,21519,0,44322_21519,44322_21519.png,44322_21519.npy,21519.npy
2771,44322,26697,0,44322_26697,44322_26697.png,44322_26697.npy,26697.npy
2773,44365,16102,0,44365_16102,44365_16102.png,44365_16102.npy,16102.npy
2776,4441,23291,0,4441_23291,4441_23291.png,4441_23291.npy,23291.npy
2777,4441,9085,0,4441_9085,4441_9085.png,4441_9085.npy,9085.npy
2779,44438,31470,0,44438_31470,44438_31470.png,44438_31470.npy,31470.npy
2780,44438,46115,0,44438_46115,44438_46115.png,44438_46115.npy,46115.npy
2800,4463,12816,0,4463_12816,4463_12816.png,4463_12816.npy,12816.npy
2807,44716,52419,0,44716_52419,44716_52419.png,44716_52419.npy,52419.npy
2815,44799,62011,0,44799_62011,44799_62011.png,44799_62011.npy,62011.npy
2840,45166,65416,0,45166_65416,45166_65416.png,45166_65416.npy,65416.npy
2843,45265,17077,0,45265_17077,45265_17077.png,45265_17077.npy,17077.npy
2844,45265,45790,0,45265_45790,45265_45790.png,45265_45790.npy,45790.npy
2852,4544,3382,0,4544_3382,4544_3382.png,4544_3382.npy,3382.npy
2853,4544,47756,0,4544_47756,4544_47756.png,4544_47756.npy,47756.npy
2892,46234,42705,0,46234_42705,46234_42705.png,46234_42705.npy,42705.npy
2893,46234,8047,0,46234_8047,46234_8047.png,46234_8047.npy,8047.npy
2907,46378,42965,0,46378_42965,46378_42965.png,46378_42965.npy,42965.npy
2910,46391,58531,1,46391_58531,46391_58531.png,46391_58531.npy,58531.npy
2911,46391,61296,1,46391_61296,46391_61296.png,46391_61296.npy,61296.npy
2952,46874,11088,0,46874_11088,46874_11088.png,46874_11088.npy,11088.npy
2953,46874,16576,0,46874_16576,46874_16576.png,46874_16576.npy,16576.npy
2954,46883,14183,0,46883_14183,46883_14183.png,46883_14183.npy,14183.npy
2994,47215,28077,0,47215_28077,47215_28077.png,47215_28077.npy,28077.npy
2995,47215,47048,0,47215_47048,47215_47048.png,47215_47048.npy,47048.npy
3001,47272,30281,1,47272_30281,47272_30281.png,47272_30281.npy,30281.npy
3020,47553,46164,0,47553_46164,47553_46164.png,47553_46164.npy,46164.npy
3021,47553,9486,0,47553_9486,47553_9486.png,47553_9486.npy,9486.npy
3027,4770,50744,1,4770_50744,4770_50744.png,4770_50744.npy,50744.npy
3033,47785,24837,1,47785_24837,47785_24837.png,47785_24837.npy,24837.npy
3034,47785,55719,1,47785_55719,47785_55719.png,47785_55719.npy,55719.npy
3037,47848,16973,0,47848_16973,47848_16973.png,47848_16973.npy,16973.npy
3046,47942,26922,0,47942_26922,47942_26922.png,47942_26922.npy,26922.npy
3047,47975,15472,0,47975_15472,47975_15472.png,47975_15472.npy,15472.npy
3048,47975,44471,0,47975_44471,47975_44471.png,47975_44471.npy,44471.npy
3064,48210,30225,1,48210_30225,48210_30225.png,48210_30225.npy,30225.npy
3065,48210,36641,1,48210_36641,48210_36641.png,48210_36641.npy,36641.npy
3071,48285,14965,0,48285_14965,48285_14965.png,48285_14965.npy,14965.npy
3072,48285,45339,0,48285_45339,48285_45339.png,48285_45339.npy,45339.npy
3075,48367,21944,0,48367_21944,48367_21944.png,48367_21944.npy,21944.npy
3076,48367,46712,0,48367_46712,48367_46712.png,48367_46712.npy,46712.npy
3077,48384,12869,0,48384_12869,48384_12869.png,48384_12869.npy,12869.npy
3078,48384,5913,0,48384_5913,48384_5913.png,48384_5913.npy,5913.npy
3082,48414,64665,0,48414_64665,48414_64665.png,48414_64665.npy,64665.npy
3120,48817,30924,0,48817_30924,48817_30924.png,48817_30924.npy,30924.npy
3144,49125,24070,0,49125_24070,49125_24070.png,49125_24070.npy,24070.npy
3145,49134,14770,0,49134_14770,49134_14770.png,49134_14770.npy,14770.npy
3146,49134,39615,0,49134_39615,49134_39615.png,49134_39615.npy,39615.npy
3176,49403,13862,0,49403_13862,49403_13862.png,49403_13862.npy,13862.npy
3177,49403,6543,0,49403_6543,49403_6543.png,49403_6543.npy,6543.npy
3188,49517,26235,0,49517_26235,49517_26235.png,49517_26235.npy,26235.npy
3189,49517,63008,0,49517_63008,49517_63008.png,49517_63008.npy,63008.npy
3209,49743,33554,0,49743_33554,49743_33554.png,49743_33554.npy,33554.npy
3223,49937,34842,0,49937_34842,49937_34842.png,49937_34842.npy,34842.npy
3224,49937,45371,0,49937_45371,49937_45371.png,49937_45371.npy,45371.npy
3233,50165,47175,0,50165_47175,50165_47175.png,50165_47175.npy,47175.npy
3252,50412,53982,0,50412_53982,50412_53982.png,50412_53982.npy,53982.npy
3254,50435,63500,0,50435_63500,50435_63500.png,50435_63500.npy,63500.npy
3260,50519,23991,0,50519_23991,50519_23991.png,50519_23991.npy,23991.npy
3261,50519,31308,0,50519_31308,50519_31308.png,50519_31308.npy,31308.npy
3267,50647,15332,0,50647_15332,50647_15332.png,50647_15332.npy,15332.npy
3268,50657,20667,0,50657_20667,50657_20667.png,50657_20667.npy,20667.npy
3284,50833,48036,0,50833_48036,50833_48036.png,50833_48036.npy,48036.npy
3285,50833,7987,0,50833_7987,50833_7987.png,50833_7987.npy,7987.npy
3293,50910,14178,0,50910_14178,50910_14178.png,50910_14178.npy,14178.npy
3314,51080,48957,0,51080_48957,51080_48957.png,51080_48957.npy,48957.npy
3315,51121,64341,0,51121_64341,51121_64341.png,51121_64341.npy,64341.npy
3320,51177,41882,0,51177_41882,51177_41882.png,51177_41882.npy,41882.npy
3321,51177,42398,0,51177_42398,51177_42398.png,51177_42398.npy,42398.npy
3334,51430,20088,0,51430_20088,51430_20088.png,51430_20088.npy,20088.npy
3346,51531,2749,0,51531_2749,51531_2749.png,51531_2749.npy,2749.npy
3389,51930,37728,0,51930_37728,51930_37728.png,51930_37728.npy,37728.npy
3427,52416,54830,1,52416_54830,52416_54830.png,52416_54830.npy,54830.npy
3428,52443,7442,0,52443_7442,52443_7442.png,52443_7442.npy,7442.npy
3469,5309,21283,0,5309_21283,5309_21283.png,5309_21283.npy,21283.npy
3470,5309,63194,0,5309_63194,5309_63194.png,5309_63194.npy,63194.npy
3489,53376,45222,0,53376_45222,53376_45222.png,53376_45222.npy,45222.npy
3511,53761,47045,0,53761_47045,53761_47045.png,53761_47045.npy,47045.npy
3512,53761,6387,0,53761_6387,53761_6387.png,53761_6387.npy,6387.npy
3522,53906,33080,0,53906_33080,53906_33080.png,53906_33080.npy,33080.npy
3534,54049,30308,0,54049_30308,54049_30308.png,54049_30308.npy,30308.npy
3558,54310,18063,0,54310_18063,54310_18063.png,54310_18063.npy,18063.npy
3567,54374,26812,0,54374_26812,54374_26812.png,54374_26812.npy,26812.npy
3568,54374,32907,0,54374_32907,54374_32907.png,54374_32907.npy,32907.npy
3575,54441,1324,0,54441_1324,54441_1324.png,54441_1324.npy,1324.npy
3576,54441,19050,0,54441_19050,54441_19050.png,54441_19050.npy,19050.npy
3579,54472,9786,0,54472_9786,54472_9786.png,54472_9786.npy,9786.npy
3588,54596,1808,0,54596_1808,54596_1808.png,54596_1808.npy,1808.npy
3592,54656,17259,0,54656_17259,54656_17259.png,54656_17259.npy,17259.npy
3593,54656,36438,0,54656_36438,54656_36438.png,54656_36438.npy,36438.npy
3611,54828,53940,1,54828_53940,54828_53940.png,54828_53940.npy,53940.npy
3612,54832,32243,1,54832_32243,54832_32243.png,54832_32243.npy,32243.npy
3613,54832,43416,1,54832_43416,54832_43416.png,54832_43416.npy,43416.npy
3644,55255,20299,0,55255_20299,55255_20299.png,55255_20299.npy,20299.npy
3645,55255,26447,0,55255_26447,55255_26447.png,55255_26447.npy,26447.npy
3646,55260,61335,0,55260_61335,55260_61335.png,55260_61335.npy,61335.npy
3648,55303,62664,0,55303_62664,55303_62664.png,55303_62664.npy,62664.npy
3655,55410,38968,0,55410_38968,55410_38968.png,55410_38968.npy,38968.npy
3663,5552,29209,0,5552_29209,5552_29209.png,5552_29209.npy,29209.npy
3669,55573,24962,0,55573_24962,55573_24962.png,55573_24962.npy,24962.npy
3670,55573,32934,0,55573_32934,55573_32934.png,55573_32934.npy,32934.npy
3685,55681,16562,0,55681_16562,55681_16562.png,55681_16562.npy,16562.npy
3686,55681,38887,0,55681_38887,55681_38887.png,55681_38887.npy,38887.npy
3687,55683,28672,0,55683_28672,55683_28672.png,55683_28672.npy,28672.npy
3688,55683,58101,0,55683_58101,55683_58101.png,55683_58101.npy,58101.npy
3701,5584,3160,0,5584_3160,5584_3160.png,5584_3160.npy,3160.npy
3702,5584,928,0,5584_928,5584_928.png,5584_928.npy,928.npy
3710,55920,40376,0,55920_40376,55920_40376.png,55920_40376.npy,40376.npy
3714,56006,37065,0,56006_37065,56006_37065.png,56006_37065.npy,37065.npy
3715,56006,39542,0,56006_39542,56006_39542.png,56006_39542.npy,39542.npy
3743,56269,42844,0,56269_42844,56269_42844.png,56269_42844.npy,42844.npy
3790,56858,49142,0,56858_49142,56858_49142.png,56858_49142.npy,49142.npy
3798,56930,49595,0,56930_49595,56930_49595.png,56930_49595.npy,49595.npy
3801,56981,13768,0,56981_13768,56981_13768.png,56981_13768.npy,13768.npy
3802,56981,55120,0,56981_55120,56981_55120.png,56981_55120.npy,55120.npy
3809,57038,2381,0,57038_2381,57038_2381.png,57038_2381.npy,2381.npy
3810,57038,32429,0,57038_32429,57038_32429.png,57038_32429.npy,32429.npy
3823,57149,27710,0,57149_27710,57149_27710.png,57149_27710.npy,27710.npy
3856,57612,6072,0,57612_6072,57612_6072.png,57612_6072.npy,6072.npy
3857,57612,8006,0,57612_8006,57612_8006.png,57612_8006.npy,8006.npy
3858,57618,41391,0,57618_41391,57618_41391.png,57618_41391.npy,41391.npy
3868,5777,39802,0,5777_39802,5777_39802.png,5777_39802.npy,39802.npy
3884,57904,2617,0,57904_2617,57904_2617.png,57904_2617.npy,2617.npy
3885,57904,27816,0,57904_27816,57904_27816.png,57904_27816.npy,27816.npy
3893,57995,14291,0,57995_14291,57995_14291.png,57995_14291.npy,14291.npy
3894,57995,56385,0,57995_56385,57995_56385.png,57995_56385.npy,56385.npy
3897,58025,55810,0,58025_55810,58025_55810.png,58025_55810.npy,55810.npy
3898,58046,25413,0,58046_25413,58046_25413.png,58046_25413.npy,25413.npy
3904,58097,26899,0,58097_26899,58097_26899.png,58097_26899.npy,26899.npy
3905,58097,42798,0,58097_42798,58097_42798.png,58097_42798.npy,42798.npy
3908,5811,48599,0,5811_48599,5811_48599.png,5811_48599.npy,48599.npy
3915,58180,1093,0,58180_1093,58180_1093.png,58180_1093.npy,1093.npy
3916,58180,14889,0,58180_14889,58180_14889.png,58180_14889.npy,14889.npy
3928,58360,48185,0,58360_48185,58360_48185.png,58360_48185.npy,48185.npy
3929,58360,51816,0,58360_51816,58360_51816.png,58360_51816.npy,51816.npy
3932,58434,55104,0,58434_55104,58434_55104.png,58434_55104.npy,55104.npy
3933,58434,62077,0,58434_62077,58434_62077.png,58434_62077.npy,62077.npy
3964,5877,15514,1,5877_15514,5877_15514.png,5877_15514.npy,15514.npy
3965,5877,38989,1,5877_38989,5877_38989.png,5877_38989.npy,38989.npy
3970,58810,18254,0,58810_18254,58810_18254.png,58810_18254.npy,18254.npy
3971,58810,45230,0,58810_45230,58810_45230.png,58810_45230.npy,45230.npy
3983,58929,1061,0,58929_1061,58929_1061.png,58929_1061.npy,1061.npy
3987,58980,1849,0,58980_1849,58980_1849.png,58980_1849.npy,1849.npy
4015,59315,34581,0,59315_34581,59315_34581.png,59315_34581.npy,34581.npy
4016,59315,57506,0,59315_57506,59315_57506.png,59315_57506.npy,57506.npy
4020,59445,3414,0,59445_3414,59445_3414.png,59445_3414.npy,3414.npy
4021,59445,58921,0,59445_58921,59445_58921.png,59445_58921.npy,58921.npy
4025,59528,14502,0,59528_14502,59528_14502.png,59528_14502.npy,14502.npy
4026,59528,17360,0,59528_17360,59528_17360.png,59528_17360.npy,17360.npy
4029,59544,42679,0,59544_42679,59544_42679.png,59544_42679.npy,42679.npy
4060,60014,46344,0,60014_46344,60014_46344.png,60014_46344.npy,46344.npy
4061,60014,51636,0,60014_51636,60014_51636.png,60014_51636.npy,51636.npy
4065,60058,49547,0,60058_49547,60058_49547.png,60058_49547.npy,49547.npy
4083,60450,16410,2,60450_16410,60450_16410.png,60450_16410.npy,16410.npy
4090,60499,51517,0,60499_51517,60499_51517.png,60499_51517.npy,51517.npy
4091,60499,53716,0,60499_53716,60499_53716.png,60499_53716.npy,53716.npy
4140,61231,50969,0,61231_50969,61231_50969.png,61231_50969.npy,50969.npy
4172,61701,63764,0,61701_63764,61701_63764.png,61701_63764.npy,63764.npy
4173,61701,64075,0,61701_64075,61701_64075.png,61701_64075.npy,64075.npy
4194,62022,34111,2,62022_34111,62022_34111.png,62022_34111.npy,34111.npy
4195,62022,46667,2,62022_46667,62022_46667.png,62022_46667.npy,46667.npy
4221,62376,22122,0,62376_22122,62376_22122.png,62376_22122.npy,22122.npy
4223,62397,62307,0,62397_62307,62397_62307.png,62397_62307.npy,62307.npy
4280,63457,60877,0,63457_60877,63457_60877.png,63457_60877.npy,60877.npy
4282,63501,31630,0,63501_31630,63501_31630.png,63501_31630.npy,31630.npy
4283,63501,7194,0,63501_7194,63501_7194.png,63501_7194.npy,7194.npy
4294,63601,37110,0,63601_37110,63601_37110.png,63601_37110.npy,37110.npy
4295,63601,39850,0,63601_39850,63601_39850.png,63601_39850.npy,39850.npy
4298,63620,2185,0,63620_2185,63620_2185.png,63620_2185.npy,2185.npy
4299,63620,30642,0,63620_30642,63620_30642.png,63620_30642.npy,30642.npy
4306,63783,56490,0,63783_56490,63783_56490.png,63783_56490.npy,56490.npy
4307,63783,6903,0,63783_6903,63783_6903.png,63783_6903.npy,6903.npy
4322,63950,62133,0,63950_62133,63950_62133.png,63950_62133.npy,62133.npy
4350,64246,9721,0,64246_9721,64246_9721.png,64246_9721.npy,9721.npy
4356,64333,63807,0,64333_63807,64333_63807.png,64333_63807.npy,63807.npy
4381,64632,1157,0,64632_1157,64632_1157.png,64632_1157.npy,1157.npy
4388,64739,11618,0,64739_11618,64739_11618.png,64739_11618.npy,11618.npy
4389,64739,37538,0,64739_37538,64739_37538.png,64739_37538.npy,37538.npy
4402,64851,38179,0,64851_38179,64851_38179.png,64851_38179.npy,38179.npy
4403,64851,56621,0,64851_56621,64851_56621.png,64851_56621.npy,56621.npy
4503,716,27957,0,716_27957,716_27957.png,716_27957.npy,27957.npy
4530,7435,46502,0,7435_46502,7435_46502.png,7435_46502.npy,46502.npy
4537,7513,16641,0,7513_16641,7513_16641.png,7513_16641.npy,16641.npy
4538,7530,31046,0,7530_31046,7530_31046.png,7530_31046.npy,31046.npy
4539,7530,9400,0,7530_9400,7530_9400.png,7530_9400.npy,9400.npy
4548,766,23185,0,766_23185,766_23185.png,766_23185.npy,23185.npy
4549,766,49801,0,766_49801,766_49801.png,766_49801.npy,49801.npy
4553,7754,35924,0,7754_35924,7754_35924.png,7754_35924.npy,35924.npy
4554,7754,56068,0,7754_56068,7754_56068.png,7754_56068.npy,56068.npy
4557,7789,3757,0,7789_3757,7789_3757.png,7789_3757.npy,3757.npy
4558,7819,35514,1,7819_35514,7819_35514.png,7819_35514.npy,35514.npy
4599,8506,22332,0,8506_22332,8506_22332.png,8506_22332.npy,22332.npy
4600,8506,8684,0,8506_8684,8506_8684.png,8506_8684.npy,8684.npy
4623,8848,41663,1,8848_41663,8848_41663.png,8848_41663.npy,41663.npy
4624,8848,7384,1,8848_7384,8848_7384.png,8848_7384.npy,7384.npy
4628,8958,26115,0,8958_26115,8958_26115.png,8958_26115.npy,26115.npy
4629,8958,56391,0,8958_56391,8958_56391.png,8958_56391.npy,56391.npy
4630,8964,64776,0,8964_64776,8964_64776.png,8964_64776.npy,64776.npy
4639,9081,63055,1,9081_63055,9081_63055.png,9081_63055.npy,63055.npy
4640,9093,24648,0,9093_24648,9093_24648.png,9093_24648.npy,24648.npy
4641,9093,42315,0,9093_42315,9093_42315.png,9093_42315.npy,42315.npy
4658,9386,3548,0,9386_3548,9386_3548.png,9386_3548.npy,3548.npy
4677,9537,1117,0,9537_1117,9537_1117.png,9537_1117.npy,1117.npy
4704,9951,2731,0,9951_2731,9951_2731.png,9951_2731.npy,2731.npy
